{ "items" : [{ "id" : 288, "Name" : "leo", "Sales" : 123 }, { "id" : 205, "Name" : "ceci", "Sales" :  2.22400000000000E+002 }, { "id" : 273, "Name" : "martin", "Sales" :  1.30000000000000E+001 }, { "id" : 238, "Name" : "wwww", "Sales" :  8.88000000000000E+002 }] }
